id,name,model_id:id,group_id:id,perm_read,perm_write,perm_create,perm_unlink
access_school_academic_year_mgr,school.academic.year.mgr,model_school_academic_year,smartdesk_school_management.group_school_manager,1,1,1,1
access_school_academic_year_usr,school.academic.year.usr,model_school_academic_year,smartdesk_school_management.group_school_teacher,1,0,0,0
access_school_academic_term_mgr,school.academic.term.mgr,model_school_academic_term,smartdesk_school_management.group_school_manager,1,1,1,1
access_school_academic_term_usr,school.academic.term.usr,model_school_academic_term,smartdesk_school_management.group_school_teacher,1,0,0,0
access_school_grade_mgr,school.grade.mgr,model_school_grade,smartdesk_school_management.group_school_manager,1,1,1,1
access_school_grade_usr,school.grade.usr,model_school_grade,smartdesk_school_management.group_school_teacher,1,0,0,0
access_school_class_mgr,school.class.mgr,model_school_class,smartdesk_school_management.group_school_manager,1,1,1,1
access_school_class_usr,school.class.usr,model_school_class,smartdesk_school_management.group_school_teacher,1,0,0,0
access_school_subject_mgr,school.subject.mgr,model_school_subject,smartdesk_school_management.group_school_manager,1,1,1,1
access_school_subject_usr,school.subject.usr,model_school_subject,smartdesk_school_management.group_school_teacher,1,0,0,0
access_school_subject_allocation_mgr,school.subject.allocation.mgr,model_school_subject_allocation,smartdesk_school_management.group_school_manager,1,1,1,1
access_school_subject_allocation_usr,school.subject.allocation.usr,model_school_subject_allocation,smartdesk_school_management.group_school_teacher,1,0,0,0
access_school_parent_mgr,school.parent.mgr,model_school_parent,smartdesk_school_management.group_school_manager,1,1,1,1
access_school_parent_usr,school.parent.usr,model_school_parent,smartdesk_school_management.group_school_teacher,1,1,0,0
access_school_teacher_mgr,school.teacher.mgr,model_school_teacher,smartdesk_school_management.group_school_manager,1,1,1,1
access_school_teacher_usr,school.teacher.usr,model_school_teacher,smartdesk_school_management.group_school_teacher,1,0,0,0
access_school_student_mgr,school.student.mgr,model_school_student,smartdesk_school_management.group_school_manager,1,1,1,1
access_school_student_usr,school.student.usr,model_school_student,smartdesk_school_management.group_school_teacher,1,1,0,0
access_school_attendance_mgr,school.attendance.mgr,model_school_attendance,smartdesk_school_management.group_school_manager,1,1,1,1
access_school_attendance_usr,school.attendance.usr,model_school_attendance,smartdesk_school_management.group_school_teacher,1,1,1,0
access_school_attendance_line_mgr,school.attendance.line.mgr,model_school_attendance_line,smartdesk_school_management.group_school_manager,1,1,1,1
access_school_attendance_line_usr,school.attendance.line.usr,model_school_attendance_line,smartdesk_school_management.group_school_teacher,1,1,1,0
access_school_grade_scale_mgr,school.grade.scale.mgr,model_school_grade_scale,smartdesk_school_management.group_school_manager,1,1,1,1
access_school_grade_scale_usr,school.grade.scale.usr,model_school_grade_scale,smartdesk_school_management.group_school_teacher,1,0,0,0
access_school_exam_mgr,school.exam.mgr,model_school_exam,smartdesk_school_management.group_school_manager,1,1,1,1
access_school_exam_usr,school.exam.usr,model_school_exam,smartdesk_school_management.group_school_teacher,1,1,1,0
access_school_exam_result_mgr,school.exam.result.mgr,model_school_exam_result,smartdesk_school_management.group_school_manager,1,1,1,1
access_school_exam_result_usr,school.exam.result.usr,model_school_exam_result,smartdesk_school_management.group_school_teacher,1,1,1,0
access_school_exam_result_line_mgr,school.exam.result.line.mgr,model_school_exam_result_line,smartdesk_school_management.group_school_manager,1,1,1,1
access_school_exam_result_line_usr,school.exam.result.line.usr,model_school_exam_result_line,smartdesk_school_management.group_school_teacher,1,1,1,0
access_school_timetable_mgr,school.timetable.mgr,model_school_timetable,smartdesk_school_management.group_school_manager,1,1,1,1
access_school_timetable_usr,school.timetable.usr,model_school_timetable,smartdesk_school_management.group_school_teacher,1,0,0,0
access_school_timetable_line_mgr,school.timetable.line.mgr,model_school_timetable_line,smartdesk_school_management.group_school_manager,1,1,1,1
access_school_timetable_line_usr,school.timetable.line.usr,model_school_timetable_line,smartdesk_school_management.group_school_teacher,1,0,0,0
access_school_fee_head_mgr,school.fee.head.mgr,model_school_fee_head,smartdesk_school_management.group_school_manager,1,1,1,1
access_school_fee_head_usr,school.fee.head.usr,model_school_fee_head,smartdesk_school_management.group_school_teacher,1,0,0,0
access_school_fee_structure_mgr,school.fee.structure.mgr,model_school_fee_structure,smartdesk_school_management.group_school_manager,1,1,1,1
access_school_fee_structure_usr,school.fee.structure.usr,model_school_fee_structure,smartdesk_school_management.group_school_teacher,1,0,0,0
access_school_fee_structure_line_mgr,school.fee.structure.line.mgr,model_school_fee_structure_line,smartdesk_school_management.group_school_manager,1,1,1,1
access_school_fee_structure_line_usr,school.fee.structure.line.usr,model_school_fee_structure_line,smartdesk_school_management.group_school_teacher,1,0,0,0
access_school_student_fee_mgr,school.student.fee.mgr,model_school_student_fee,smartdesk_school_management.group_school_manager,1,1,1,1
access_school_student_fee_usr,school.student.fee.usr,model_school_student_fee,smartdesk_school_management.group_school_teacher,1,0,0,0
access_school_student_fee_line_mgr,school.student.fee.line.mgr,model_school_student_fee_line,smartdesk_school_management.group_school_manager,1,1,1,1
access_school_student_fee_line_usr,school.student.fee.line.usr,model_school_student_fee_line,smartdesk_school_management.group_school_teacher,1,0,0,0
access_school_transport_vehicle_mgr,school.transport.vehicle.mgr,model_school_transport_vehicle,smartdesk_school_management.group_school_manager,1,1,1,1
access_school_transport_vehicle_usr,school.transport.vehicle.usr,model_school_transport_vehicle,smartdesk_school_management.group_school_teacher,1,0,0,0
access_school_transport_route_mgr,school.transport.route.mgr,model_school_transport_route,smartdesk_school_management.group_school_manager,1,1,1,1
access_school_transport_route_usr,school.transport.route.usr,model_school_transport_route,smartdesk_school_management.group_school_teacher,1,0,0,0
access_school_transport_registration_mgr,school.transport.registration.mgr,model_school_transport_registration,smartdesk_school_management.group_school_manager,1,1,1,1
access_school_transport_registration_usr,school.transport.registration.usr,model_school_transport_registration,smartdesk_school_management.group_school_teacher,1,0,0,0
access_school_library_book_mgr,school.library.book.mgr,model_school_library_book,smartdesk_school_management.group_school_manager,1,1,1,1
access_school_library_book_usr,school.library.book.usr,model_school_library_book,smartdesk_school_management.group_school_teacher,1,1,1,0
access_school_library_issue_mgr,school.library.issue.mgr,model_school_library_issue,smartdesk_school_management.group_school_manager,1,1,1,1
access_school_library_issue_usr,school.library.issue.usr,model_school_library_issue,smartdesk_school_management.group_school_teacher,1,1,1,0
access_school_admission_mgr,school.admission.mgr,model_school_admission,smartdesk_school_management.group_school_manager,1,1,1,1
access_school_admission_usr,school.admission.usr,model_school_admission,smartdesk_school_management.group_school_teacher,1,1,1,0
access_school_fee_payment_mgr,school_fee_payment.mgr,model_school_fee_payment,smartdesk_school_management.group_school_manager,1,1,1,1
access_school_fee_payment_usr,school_fee_payment.usr,model_school_fee_payment,smartdesk_school_management.group_school_teacher,1,0,0,0
access_school_notice_mgr,school_notice.mgr,model_school_notice,smartdesk_school_management.group_school_manager,1,1,1,1
access_school_notice_usr,school_notice.usr,model_school_notice,smartdesk_school_management.group_school_teacher,1,0,0,0
access_school_student_conduct_mgr,school_student_conduct.mgr,model_school_student_conduct,smartdesk_school_management.group_school_manager,1,1,1,1
access_school_student_conduct_usr,school_student_conduct.usr,model_school_student_conduct,smartdesk_school_management.group_school_teacher,1,1,1,0
access_school_fee_payment_wizard_mgr,school_fee_payment_wizard.mgr,model_school_fee_payment_wizard,smartdesk_school_management.group_school_manager,1,1,1,1
access_school_fee_generate_wizard_mgr,school_fee_generate_wizard.mgr,model_school_fee_generate_wizard,smartdesk_school_management.group_school_manager,1,1,1,1
access_school_promote_wizard_mgr,school_promote_wizard.mgr,model_school_promote_wizard,smartdesk_school_management.group_school_manager,1,1,1,1
